nome_representante,total_faturamento,total_pedidos,media_ticket
Felipe Seixas,109915484,792,138782.17676767678
Isabela Carolina,106326328,728,146052.64835164836
Maria Silva,105242646,753,139764.47011952192
Teobaldo Junior,97661820,618,158028.83495145632
